{
  "ANSIBLE_MODULE_ARGS": {
    "webfilter_content": {
      "state": "present",
      "id": "1",
      "name": "default",
      "comment": "",
      "entries": [
        {
          "status": "enable",
          "lang": "western",
          "name": "bet-online",
          "pattern-type": "wildcard",
          "action": "block",
          "score": 40
        },
        {
          "status": "enable",
          "lang": "western",
          "name": "tv-.*online",
          "pattern-type": "regexp",
          "action": "block",
          "score": 42
        }
      ]
    },
    "host": "192.168.122.40",
    "username": "admin",
    "password": "",
    "vdom": "root"
  }
}