{
  "ANSIBLE_MODULE_ARGS": {
    "action": "post",
    "host": "192.168.122.50",
    "username": "admin",
    "password": "",
    "domain": "dsa.com",
    "data": {
      "fallbackport": 2525,
      "disclaimer_outgoing_header_status": false,
      "hide": false,
      "usessl": false,
      "disclaimer_outgoing_body_status": false,
      "recipient_verification_smtp_cmd": 0,
      "other_recipient": false,
      "max_user_quota": 1000,
      "is_service_domain": false,
      "migration_status": false,
      "max_mailbox": 10,
      "mail_access": 7,
      "sender_addr_rate_ctrl_max_spam_state": false,
      "recipient_verification_smtp_accept_reply_string_pattern": "",
      "disclaimer_incoming_header_insertion_name": "",
      "relay_auth_status": false,
      "domain_interval": false,
      "system_domain": 1,
      "sender_addr_rate_notification_state": false,
      "disclaimer_incoming_body_location": 0,
      "ldap_group_recipient": false,
      "sender_addr_rate_control_max_megabytes": 100,
      "ldap_asav_state": false,
      "disclaimer_outgoing_body_location": 0,
      "is_subdomain": false,
      "disclaimer_outgoing_header_insertion_name": "",
      "original": false,
      "sender_addr_rate_ctrl_max_spam": 5,
      "disclaimer_outgoing_header_insertion_value": "",
      "sender_addr_rate_ctrl_max_recipients": 60,
      "recipient_verification": 0,
      "relay_auth_username": "",
      "other_address": "",
      "disclaimer_incoming_header_insertion_value": "",
      "disclaimer_incoming_body_content": "",
      "disclaimer_incoming_body_content_html": "",
      "fallbackhost": "fhtrtt.vom",
      "rcptvrfy_try_mhost": false,
      "relay_auth_type": 0,
      "sender_addr_rate_ctrl_exempt": "[ ]",
      "sender_addr_rate_ctrl_max_recipients_state": false,
      "hours": 0,
      "port": 257,
      "objectID": "DomainSetting:{D:dsa.com}",
      "sender_addr_rate_control_max_megabytes_state": false,
      "recipient_verification_background": 0,
      "relay_auth_password": "******",
      "group_recipient_only": false,
      "max_msg_size": 204800,
      "alt_smtp_ena": false,
      "ip": "mysmtp",
      "bypass_bounce_verification": false,
      "ldap_routing_state": false,
      "sender_addr_rate_ctrl_action": 512,
      "alternative_domain_name": "",
      "maindomain": "dsa.com",
      "ldap_generic_routing_port": 25,
      "addressbook_add_option": 2,
      "disclaimer_outgoing_body_content": "",
      "alt_smtp_ssl": false,
      "disclaimer_incoming_header_status": false,
      "remove_outgoing_header": false,
      "sender_addr_rate_control_state": false,
      "mdomain": "dsa.com",
      "sender_addr_rate_control_max_messages_state": true,
      "sender_addr_rate_control_max_messages": 30,
      "alt_smtp_port": 25,
      "report_template_name": "default",
      "global_bayesian": true,
      "fallbackusessl": false,
      "days": 0,
      "disclaimer_status": 1,
      "disclaimer_incoming_body_status": false,
      "mxflag": 0,
      "ip_pool_direction": 1,
      "default_language": "",
      "other_greeting": "",
      "alt_smtp_host": "",
      "domain_recipient": true,
      "ldap_service_status": true,
      "default_theme": 8,
      "webmail_service_type": 0,
      "disclaimer_outgoing_body_content_html": "",
      "group_exclude_individual": false,
      "domain_report": false
    }
  }
}
